policy,capacity_villages,point_population_rollout_value,population_value_ci_lower,population_value_ci_upper,point_random_expected_value,point_gain_vs_random,gain_ci_lower,gain_ci_upper,interval_type,bootstrap_replicates,policy_vs_random_classification
grf,13,0.1750716569620871,-0.02187787688753082,0.40177736378891926,0.1908088433970162,-0.0157371864349291,-0.20764596335405622,0.1980289351055377,pointwise_95_percentile_bootstrap,2000,INCONCLUSIVE
grf,32,0.5317296485760581,0.17144202921840818,0.9070333426805639,0.4696833068234246,0.0620463417526334,-0.240569047035016,0.3892139864833442,pointwise_95_percentile_bootstrap,2000,INCONCLUSIVE
grf,64,0.9153346380595324,0.4582292437043354,1.362187708294122,0.9393666136468491,-0.0240319755873168,-0.4048186006894283,0.3444887969707238,pointwise_95_percentile_bootstrap,2000,INCONCLUSIVE
grf,95,1.323629823292526,0.7466541958131087,1.9044154739122527,1.394372317132042,-0.0707424938395158,-0.43181447806892476,0.27281726071792795,pointwise_95_percentile_bootstrap,2000,INCONCLUSIVE
grf,127,1.8640556239554664,1.1933435863096413,2.5514718269991716,1.8640556239554664,0.0,0.0,0.0,pointwise_95_percentile_bootstrap,2000,RECONCILIATION ENDPOINT
simple,13,0.1296297449647176,-0.032201183462793104,0.3067609814290067,0.1908088433970162,-0.0611790984322985,-0.22455686578738995,0.11265276774289683,pointwise_95_percentile_bootstrap,2000,INCONCLUSIVE
simple,32,0.6506591134671942,0.3156591178315564,1.0125681525587404,0.4696833068234246,0.1809758066437695,-0.12193831857853128,0.506953846976278,pointwise_95_percentile_bootstrap,2000,INCONCLUSIVE
simple,64,1.0784070749354209,0.6059671936911439,1.5518077067439973,0.9393666136468491,0.1390404612885716,-0.23526503396684495,0.5103468547771456,pointwise_95_percentile_bootstrap,2000,INCONCLUSIVE
simple,95,1.6213914443818849,1.0267390784074952,2.2124714619463206,1.394372317132042,0.2270191272498429,-0.10037521651938883,0.5286180456321654,pointwise_95_percentile_bootstrap,2000,INCONCLUSIVE
simple,127,1.8640556239554664,1.1933435863096413,2.5514718269991716,1.8640556239554664,0.0,0.0,0.0,pointwise_95_percentile_bootstrap,2000,RECONCILIATION ENDPOINT
baseline_risk,13,0.3104448260789881,0.048402627407765964,0.6429687401397839,0.1908088433970162,0.1196359826819718,-0.12517394808982532,0.42964109631050906,pointwise_95_percentile_bootstrap,2000,INCONCLUSIVE
baseline_risk,32,0.5980209510072304,0.2101559438211787,1.0311342969500947,0.4696833068234246,0.1283376441838057,-0.21297690363037425,0.48029885490562135,pointwise_95_percentile_bootstrap,2000,INCONCLUSIVE
baseline_risk,64,1.0241339751353458,0.5099384586352828,1.560654606262323,0.9393666136468491,0.0847673614884965,-0.27849759035518334,0.469045416916678,pointwise_95_percentile_bootstrap,2000,INCONCLUSIVE
baseline_risk,95,1.2328052658835842,0.6142699054237374,1.8398825354613844,1.394372317132042,-0.1615670512484577,-0.4925373862555885,0.1709482776056126,pointwise_95_percentile_bootstrap,2000,INCONCLUSIVE
baseline_risk,127,1.8640556239554664,1.1933435863096413,2.5514718269991716,1.8640556239554664,0.0,0.0,0.0,pointwise_95_percentile_bootstrap,2000,RECONCILIATION ENDPOINT
