variable,label,type,control_n,intervention_n,control_mean_or_prop,intervention_mean_or_prop,control_sd,intervention_sd,smd,abs_smd
age,Age,continuous,2236,2297,57.79293381037567,57.58380496299521,8.331528977477788,8.129133029335533,-0.02540761003437657,0.02540761003437657
risk0,10-year ASCVD risk,continuous,2236,2297,17.795438282647584,17.993818023508926,6.9841819831223235,7.055861977629518,0.028258765581496276,0.028258765581496276
SBP0,Systolic blood pressure,continuous,2236,2297,157.0811717352415,157.647583804963,16.171743486587868,16.292967437862135,0.03489377264817298,0.03489377264817298
DBP0,Diastolic blood pressure,continuous,2236,2297,92.62231663685152,93.37004788855029,10.711078468977812,11.099368238894668,0.06855547667951785,0.06855547667951785
GLU0,Fasting glucose,continuous,2236,2297,7.094767441860466,7.195750979538528,2.5143528376060362,2.72278741564304,0.0385338751574478,0.0385338751574478
NHDL0,Non-HDL cholesterol,continuous,2236,2297,3.3758720930232555,3.3666695690030473,1.2666434354549156,1.24071836668092,-0.007340011437560528,0.007340011437560528
male,Male,binary,2236,2297,0.4879248658318426,0.5050065302568568,0.49996598156196725,0.5000838017325162,0.03416916797854743,0.03416916797854743
education_high_above,High-school education or above,binary,2236,2297,0.2016994633273703,0.21985198084457988,0.4013587337124092,0.41423639377471044,0.04451782258232652,0.04451782258232652
occupation_farmer,Farmer,binary,2236,2297,0.6681574239713775,0.6830648672181105,0.4709801330429409,0.4653832219410998,0.03184761059292299,0.03184761059292299
Last_year_income_lt_10k,Annual household income <10k,binary,2236,2297,0.15831842576028624,0.15977361776229865,0.3651209705949104,0.3664757541031688,0.003978997246750446,0.003978997246750446
marriage_yes,Married,binary,2236,2297,0.9503577817531306,0.9464518937744885,0.21725325562660003,0.2251727781585361,-0.017657748943345875,0.017657748943345875
insure_yes,Social medical insurance,binary,2236,2297,0.9986583184257602,0.9978232477144101,0.03661257931817805,0.04661501940599485,-0.01992817174546667,0.01992817174546667
smk_daily_0,Daily smoking,binary,2236,2297,0.21779964221824688,0.22899434044405748,0.4128428067739795,0.4202770867794106,0.0268790189981711,0.0268790189981711
PA_lt3000_0,Insufficient physical activity,binary,2236,2297,0.14177101967799643,0.14148889856334348,0.3488931599071716,0.3486010543695195,-0.0008091346247486556,0.0008091346247486556
vc_age_grp,Village mean-age factor: level 1,binary,2236,2297,0.49105545617173524,0.5311275576839356,0.5000318151504067,0.4991387964929788,0.08022840116024421,0.08022840116024421
vc_sbp_grp,Village mean-SBP factor: level 1,binary,2236,2297,0.5697674418604651,0.45145842403134523,0.49521932820617853,0.49774649588273656,-0.238346059424329,0.238346059424329
vc_risk_grp,Village mean-risk factor: level 1,binary,2236,2297,0.537567084078712,0.48323900740095777,0.4986982450032296,0.49982780213576,-0.10884049115193324,0.10884049115193324
doctor_college_above,Village doctor education: level 1,binary,2236,2297,0.41234347048300535,0.42054854157596866,0.4923664811640828,0.49375459634327534,0.016644759113509176,0.016644759113509176
