moderator,moderator_label,subgroup_value,subgroup,analysis_n,villages,control_n,intervention_n,control_villages,intervention_villages,treatment_effect,std_error,ci_lower,ci_upper,source_treatment_effect,reconstruction_status
Overall,Overall,,Overall,4508,127,2224,2284,63,64,-1.8799816659919089,0.3491037551570854,-2.564212452967485,-1.1957508790163325,-1.88,CANONICAL PHASE-4 RESULT
age,Age,0,<60 years,2688,127,1317,1371,63,64,-1.8524822785767063,0.36785389237203414,-2.573462659198767,-1.131501897954646,-1.88,VERIFIED
age,Age,1,>=60 years,1820,126,907,913,62,64,-1.9197247414659928,0.38840577204997323,-2.6809860660714144,-1.1584634168605712,-1.8,VERIFIED
sex,Sex,0,Women,2273,127,1142,1131,63,64,-1.6128763305133107,0.37276967231029245,-2.343491462770282,-0.8822611982563396,-1.58,VERIFIED
sex,Sex,1,Men,2235,127,1082,1153,63,64,-2.15203611257186,0.37366091775364013,-2.884398053799178,-1.4196741713445422,-2.18,VERIFIED
education,Education,0,Below high school,3556,127,1775,1781,63,64,-1.8611766789867383,0.3564824376530194,-2.5598694179077017,-1.162483940065775,-1.84,VERIFIED
education,Education,1,High school or above,952,124,449,503,60,64,-1.9520097331348547,0.4468994522674098,-2.827916564289655,-1.0761029019800545,-2.1,VERIFIED
occupation,Occupation,0,Non-agricultural worker,1462,121,739,723,60,61,-2.409450843135079,0.4213124262719558,-3.2352080248672994,-1.583693661402859,-2.63,VERIFIED
occupation,Occupation,1,Agricultural worker,3046,121,1485,1561,61,60,-1.6288380521505812,0.36500106364678103,-2.344226991217084,-0.9134491130840784,-1.64,VERIFIED
income,Annual household income,0,">=10,000 yuan",3792,127,1873,1919,63,64,-1.737325506066531,0.35388150038554744,-2.430920501617201,-1.0437305105158607,-1.73,VERIFIED
income,Annual household income,1,"<10,000 yuan",716,111,351,365,56,55,-2.6364826520155953,0.475761075432283,-3.568957225108914,-1.7040080789222767,-2.7,VERIFIED
baseline_risk,Baseline 10-year ASCVD risk,0,<16%,2265,127,1133,1132,63,64,-1.1864602543802099,0.3727209099764026,-1.9169798142189547,-0.455940694541465,-1.16,PARTIALLY RECONSTRUCTABLE
baseline_risk,Baseline 10-year ASCVD risk,1,>=16%,2243,127,1091,1152,63,64,-2.5806845406009638,0.3730799955131518,-3.311907895159106,-1.8494611860428214,-2.54,PARTIALLY RECONSTRUCTABLE
