policy,capacity_villages,phase10_point_rollout_value,phase11a_point_gain_vs_random,phase11a_gain_ci_lower,phase11a_gain_ci_upper,phase11a_gain_classification,phase11a_paired_policy_results,phase11a_capacity_advantage_label,raw_ranking_stability,equal_village_consistency,single_village_influence
baseline_risk,13,0.3104448260789881,0.1196359826819718,-0.1251739480898253,0.429641096310509,INCONCLUSIVE,"baseline_risk_minus_grf: 0.135373 [-0.130804, 0.479540] (INCONCLUSIVE) | baseline_risk_minus_simple: 0.180815 [-0.128003, 0.532913] (INCONCLUSIVE)",NO CLEAR CAPACITY-SPECIFIC ADVANTAGE,SENSITIVE,CONSISTENT,ROBUST TO SINGLE-VILLAGE DELETION
baseline_risk,32,0.5980209510072304,0.1283376441838057,-0.2129769036303742,0.4802988549056213,INCONCLUSIVE,"baseline_risk_minus_grf: 0.066291 [-0.183389, 0.372613] (INCONCLUSIVE) | baseline_risk_minus_simple: -0.052638 [-0.423627, 0.349350] (INCONCLUSIVE)",NO CLEAR CAPACITY-SPECIFIC ADVANTAGE,SENSITIVE,CONSISTENT,SENSITIVE TO SINGLE-VILLAGE DELETION
baseline_risk,64,1.0241339751353458,0.0847673614884965,-0.2784975903551833,0.469045416916678,INCONCLUSIVE,"baseline_risk_minus_grf: 0.108799 [-0.290501, 0.565447] (INCONCLUSIVE) | baseline_risk_minus_simple: -0.054273 [-0.481368, 0.400240] (INCONCLUSIVE)",NO CLEAR CAPACITY-SPECIFIC ADVANTAGE,SENSITIVE,CONSISTENT,SENSITIVE TO SINGLE-VILLAGE DELETION
baseline_risk,95,1.2328052658835842,-0.1615670512484577,-0.4925373862555885,0.1709482776056126,INCONCLUSIVE,"baseline_risk_minus_grf: -0.090825 [-0.411378, 0.250555] (INCONCLUSIVE) | baseline_risk_minus_simple: -0.388586 [-0.680077, -0.100248] (CLEARLY NEGATIVE)",NO CLEAR CAPACITY-SPECIFIC ADVANTAGE,SENSITIVE,CONSISTENT,ROBUST TO SINGLE-VILLAGE DELETION
grf,13,0.1750716569620871,-0.0157371864349291,-0.2076459633540562,0.1980289351055377,INCONCLUSIVE,"grf_minus_simple: 0.045442 [-0.204446, 0.293783] (INCONCLUSIVE) | grf_minus_baseline_risk: -0.135373 [-0.479540, 0.130804] (INCONCLUSIVE)",NO CLEAR CAPACITY-SPECIFIC ADVANTAGE,SENSITIVE,CONSISTENT,SENSITIVE TO SINGLE-VILLAGE DELETION
grf,32,0.5317296485760581,0.0620463417526334,-0.240569047035016,0.3892139864833442,INCONCLUSIVE,"grf_minus_simple: -0.118929 [-0.399268, 0.158851] (INCONCLUSIVE) | grf_minus_baseline_risk: -0.066291 [-0.372613, 0.183389] (INCONCLUSIVE)",NO CLEAR CAPACITY-SPECIFIC ADVANTAGE,SENSITIVE,CONSISTENT,SENSITIVE TO SINGLE-VILLAGE DELETION
grf,64,0.9153346380595324,-0.0240319755873168,-0.4048186006894283,0.3444887969707238,INCONCLUSIVE,"grf_minus_simple: -0.163072 [-0.537588, 0.185999] (INCONCLUSIVE) | grf_minus_baseline_risk: -0.108799 [-0.565447, 0.290501] (INCONCLUSIVE)",NO CLEAR CAPACITY-SPECIFIC ADVANTAGE,SENSITIVE,CONSISTENT,SENSITIVE TO SINGLE-VILLAGE DELETION
grf,95,1.323629823292526,-0.0707424938395158,-0.4318144780689247,0.2728172607179279,INCONCLUSIVE,"grf_minus_simple: -0.297762 [-0.634728, 0.005978] (INCONCLUSIVE) | grf_minus_baseline_risk: 0.090825 [-0.250555, 0.411378] (INCONCLUSIVE)",NO CLEAR CAPACITY-SPECIFIC ADVANTAGE,SENSITIVE,CONSISTENT,ROBUST TO SINGLE-VILLAGE DELETION
simple,13,0.1296297449647176,-0.0611790984322985,-0.2245568657873899,0.1126527677428968,INCONCLUSIVE,"simple_minus_grf: -0.045442 [-0.293783, 0.204446] (INCONCLUSIVE) | simple_minus_baseline_risk: -0.180815 [-0.532913, 0.128003] (INCONCLUSIVE)",NO CLEAR CAPACITY-SPECIFIC ADVANTAGE,SENSITIVE,CONSISTENT,SENSITIVE TO SINGLE-VILLAGE DELETION
simple,32,0.6506591134671942,0.1809758066437695,-0.1219383185785312,0.506953846976278,INCONCLUSIVE,"simple_minus_grf: 0.118929 [-0.158851, 0.399268] (INCONCLUSIVE) | simple_minus_baseline_risk: 0.052638 [-0.349350, 0.423627] (INCONCLUSIVE)",NO CLEAR CAPACITY-SPECIFIC ADVANTAGE,SENSITIVE,CONSISTENT,SENSITIVE TO SINGLE-VILLAGE DELETION
simple,64,1.0784070749354209,0.1390404612885716,-0.2352650339668449,0.5103468547771456,INCONCLUSIVE,"simple_minus_grf: 0.163072 [-0.185999, 0.537588] (INCONCLUSIVE) | simple_minus_baseline_risk: 0.054273 [-0.400240, 0.481368] (INCONCLUSIVE)",NO CLEAR CAPACITY-SPECIFIC ADVANTAGE,SENSITIVE,CONSISTENT,ROBUST TO SINGLE-VILLAGE DELETION
simple,95,1.6213914443818849,0.2270191272498429,-0.1003752165193888,0.5286180456321654,INCONCLUSIVE,"simple_minus_grf: 0.297762 [-0.005978, 0.634728] (INCONCLUSIVE) | simple_minus_baseline_risk: 0.388586 [0.100248, 0.680077] (CLEARLY POSITIVE)",NO CLEAR CAPACITY-SPECIFIC ADVANTAGE,SENSITIVE,CONSISTENT,ROBUST TO SINGLE-VILLAGE DELETION
